id	student_id	first_name	last_name	age	grade	birthday	email
2025000	stu2025000	James	Davis	6	1	01/11/2018	stu2025000@school.net
2025001	stu2025001	Liam	Smith	6	1	09/04/2018	stu2025001@school.net
2025002	stu2025002	Elijah	Davis	6	1	09/19/2018	stu2025002@school.net
2025003	stu2025003	Noah	Davis	6	1	09/05/2018	stu2025003@school.net
2025004	stu2025004	Liam	Smith	6	1	06/04/2018	stu2025004@school.net
2025005	stu2025005	Noah	Rodriguez	6	1	11/28/2018	stu2025005@school.net
2025006	stu2025006	William	Johnson	6	1	06/27/2018	stu2025006@school.net
2025007	stu2025007	Levi	Williams	6	1	03/11/2018	stu2025007@school.net
2025008	stu2025008	Benjamin	Williams	6	1	10/19/2018	stu2025008@school.net
2025009	stu2025009	Henry	Jones	6	1	07/11/2018	stu2025009@school.net
2025010	stu2025010	Michael	Jones	6	1	01/24/2018	stu2025010@school.net
2025011	stu2025011	Liam	Smith	6	1	05/05/2018	stu2025011@school.net
2025012	stu2025012	Alexander	Miller	6	1	10/27/2018	stu2025012@school.net
2025013	stu2025013	Daniel	Rodriguez	6	1	12/23/2018	stu2025013@school.net
2025014	stu2025014	Owen	Tanaka	6	1	12/30/2018	stu2025014@school.net
2025015	stu2025015	Asher	Davis	6	1	09/08/2018	stu2025015@school.net
2025016	stu2025016	Owen	Garcia	6	1	11/23/2018	stu2025016@school.net
2025017	stu2025017	Oliver	Smith	6	1	09/28/2018	stu2025017@school.net
2025018	stu2025018	Benjamin	Miller	6	1	05/03/2018	stu2025018@school.net
2025019	stu2025019	Benjamin	Garcia	6	1	05/17/2018	stu2025019@school.net
2025020	stu2025020	Ethan	Davis	6	1	04/18/2018	stu2025020@school.net
2025021	stu2025021	Jack	Williams	6	1	01/06/2018	stu2025021@school.net
2025022	stu2025022	Ethan	Jones	6	1	10/19/2018	stu2025022@school.net
2025023	stu2025023	Asher	Miller	6	1	03/03/2018	stu2025023@school.net
2025024	stu2025024	Levi	Davis	6	1	06/05/2018	stu2025024@school.net
2025025	stu2025025	Liam	Miller	6	1	09/21/2018	stu2025025@school.net
2025026	stu2025026	Jack	Chen	6	1	07/15/2018	stu2025026@school.net
2025027	stu2025027	Owen	Williams	6	1	01/12/2018	stu2025027@school.net
2025028	stu2025028	Sebastian	Smith	6	1	07/21/2018	stu2025028@school.net
2025029	stu2025029	Michael	Rodriguez	6	1	04/23/2018	stu2025029@school.net
2025030	stu2025030	Benjamin	Jones	6	1	11/08/2018	stu2025030@school.net
2025031	stu2025031	Benjamin	Davis	6	1	11/17/2018	stu2025031@school.net
2025032	stu2025032	Daniel	Williams	6	1	07/27/2018	stu2025032@school.net
2025033	stu2025033	Elijah	Williams	6	1	06/15/2018	stu2025033@school.net
2025034	stu2025034	Noah	Rodriguez	6	1	11/14/2018	stu2025034@school.net
2025035	stu2025035	Mateo	Wilson	6	1	10/25/2018	stu2025035@school.net
2025036	stu2025036	Oliver	Garcia	6	1	09/11/2018	stu2025036@school.net
2025037	stu2025037	Sebastian	Brown	6	1	09/09/2018	stu2025037@school.net
2025038	stu2025038	Liam	Popov	6	1	10/09/2018	stu2025038@school.net
2025039	stu2025039	Mateo	Almeida	6	1	04/23/2018	stu2025039@school.net
2025040	stu2025040	James	Miller	6	1	12/02/2018	stu2025040@school.net
2025041	stu2025041	William	Smith	6	1	02/06/2018	stu2025041@school.net
2025042	stu2025042	Jack	Smith	6	1	12/26/2018	stu2025042@school.net
2025043	stu2025043	William	Miller	6	1	03/16/2018	stu2025043@school.net
2025044	stu2025044	Benjamin	Jones	6	1	05/24/2018	stu2025044@school.net
2025045	stu2025045	Elijah	Garcia	6	1	09/23/2018	stu2025045@school.net
2025046	stu2025046	Henry	Miller	6	1	01/28/2018	stu2025046@school.net
2025047	stu2025047	Ethan	Rodriguez	6	1	01/23/2018	stu2025047@school.net
2025048	stu2025048	Levi	Jones	6	1	07/27/2018	stu2025048@school.net
2025049	stu2025049	Henry	Rodriguez	6	1	12/02/2018	stu2025049@school.net
2025050	stu2025050	Mateo	Miller	6	1	01/06/2018	stu2025050@school.net
2025051	stu2025051	Alexander	Rodriguez	6	1	05/05/2018	stu2025051@school.net
2025052	stu2025052	Jack	Hernandez	6	1	10/20/2018	stu2025052@school.net
2025053	stu2025053	Ethan	Johnson	6	1	11/08/2018	stu2025053@school.net
2025054	stu2025054	Jack	Johnson	6	1	05/26/2018	stu2025054@school.net
2025055	stu2025055	Asher	Brown	6	1	03/21/2018	stu2025055@school.net
2025056	stu2025056	Owen	Chen	6	1	04/18/2018	stu2025056@school.net
2025057	stu2025057	Mateo	Garcia	6	1	01/24/2018	stu2025057@school.net
2025058	stu2025058	Owen	Brown	6	1	12/23/2018	stu2025058@school.net
2025059	stu2025059	Lucas	Davis	6	1	10/29/2018	stu2025059@school.net
2025060	stu2025060	Liam	Johnson	6	1	11/20/2018	stu2025060@school.net
2025061	stu2025061	Alexander	Miller	6	1	06/10/2018	stu2025061@school.net
2025062	stu2025062	Levi	Kim	6	1	07/07/2018	stu2025062@school.net
2025063	stu2025063	Alexander	Rodriguez	6	1	10/17/2018	stu2025063@school.net
2025064	stu2025064	Jacob	Johnson	6	1	01/24/2018	stu2025064@school.net
2025065	stu2025065	Daniel	Jones	6	1	05/16/2018	stu2025065@school.net
2025066	stu2025066	Liam	Brown	6	1	04/16/2018	stu2025066@school.net
2025067	stu2025067	Owen	Miller	6	1	12/31/2018	stu2025067@school.net
2025068	stu2025068	Liam	Johnson	6	1	07/11/2018	stu2025068@school.net
2025069	stu2025069	Alexander	Garcia	6	1	03/22/2018	stu2025069@school.net
2025070	stu2025070	Asher	Smith	6	1	05/07/2018	stu2025070@school.net
2025071	stu2025071	Noah	Jones	6	1	10/18/2018	stu2025071@school.net
2025072	stu2025072	Daniel	Wilson	6	1	02/16/2018	stu2025072@school.net
2025073	stu2025073	Daniel	Rodriguez	6	1	03/02/2018	stu2025073@school.net
2025074	stu2025074	Ethan	Miller	6	1	06/27/2018	stu2025074@school.net
2025075	stu2025075	Henry	Garcia	6	1	01/05/2018	stu2025075@school.net
2025076	stu2025076	Jack	Davis	6	1	03/03/2018	stu2025076@school.net
2025077	stu2025077	Noah	Smith	6	1	12/12/2018	stu2025077@school.net
2025078	stu2025078	Jack	Williams	6	1	04/24/2018	stu2025078@school.net
2025079	stu2025079	Elijah	Chen	6	1	11/15/2018	stu2025079@school.net
2025080	stu2025080	Asher	Rodriguez	6	1	11/20/2018	stu2025080@school.net
2025081	stu2025081	Henry	Garcia	6	1	11/17/2018	stu2025081@school.net
2025082	stu2025082	Daniel	Miller	6	1	12/05/2018	stu2025082@school.net
2025083	stu2025083	Sebastian	Nguyen	6	1	12/17/2018	stu2025083@school.net
2025084	stu2025084	Ethan	Williams	7	2	11/20/2017	stu2025084@school.net
2025085	stu2025085	Mateo	Johnson	7	2	04/04/2017	stu2025085@school.net
2025086	stu2025086	Henry	Miller	7	2	05/14/2017	stu2025086@school.net
2025087	stu2025087	Ethan	Rodriguez	7	2	05/29/2017	stu2025087@school.net
2025088	stu2025088	Jack	Williams	7	2	07/25/2017	stu2025088@school.net
2025089	stu2025089	Lucas	Rodriguez	7	2	08/31/2017	stu2025089@school.net
2025090	stu2025090	Asher	Jones	7	2	05/07/2017	stu2025090@school.net
2025091	stu2025091	Ethan	Jones	7	2	02/25/2017	stu2025091@school.net
2025092	stu2025092	Daniel	Johnson	7	2	06/30/2017	stu2025092@school.net
2025093	stu2025093	William	Wilson	7	2	05/14/2017	stu2025093@school.net
2025094	stu2025094	Owen	Chen	7	2	01/14/2017	stu2025094@school.net
2025095	stu2025095	Lucas	Davis	7	2	02/26/2017	stu2025095@school.net
2025096	stu2025096	Elijah	Dubois	7	2	09/17/2017	stu2025096@school.net
2025097	stu2025097	Lucas	Johnson	7	2	09/24/2017	stu2025097@school.net
2025098	stu2025098	James	Rodriguez	7	2	03/19/2017	stu2025098@school.net
2025099	stu2025099	William	Johnson	7	2	01/08/2017	stu2025099@school.net
2025100	stu2025100	Liam	Brown	7	2	12/08/2017	stu2025100@school.net
2025101	stu2025101	Owen	Miller	7	2	02/11/2017	stu2025101@school.net
2025102	stu2025102	Daniel	Tanaka	7	2	04/25/2017	stu2025102@school.net
2025103	stu2025103	Owen	Rodriguez	7	2	04/08/2017	stu2025103@school.net
2025104	stu2025104	Ethan	Ivanov	7	2	04/21/2017	stu2025104@school.net
2025105	stu2025105	Daniel	Rodriguez	7	2	11/27/2017	stu2025105@school.net
2025106	stu2025106	Mateo	Garcia	7	2	05/23/2017	stu2025106@school.net
2025107	stu2025107	Benjamin	Wilson	7	2	12/08/2017	stu2025107@school.net
2025108	stu2025108	Oliver	Johnson	7	2	11/20/2017	stu2025108@school.net
2025109	stu2025109	William	Wilson	7	2	05/01/2017	stu2025109@school.net
2025110	stu2025110	Jack	Smith	7	2	06/20/2017	stu2025110@school.net
2025111	stu2025111	Noah	Johnson	7	2	06/11/2017	stu2025111@school.net
2025112	stu2025112	Michael	Wilson	7	2	09/27/2017	stu2025112@school.net
2025113	stu2025113	Levi	Brown	7	2	11/02/2017	stu2025113@school.net
2025114	stu2025114	Levi	Johnson	7	2	12/25/2017	stu2025114@school.net
2025115	stu2025115	Ethan	Smith	7	2	11/25/2017	stu2025115@school.net
2025116	stu2025116	Jack	Nguyen	7	2	01/08/2017	stu2025116@school.net
2025117	stu2025117	Elijah	Miller	7	2	10/24/2017	stu2025117@school.net
2025118	stu2025118	Owen	Rodriguez	7	2	06/20/2017	stu2025118@school.net
2025119	stu2025119	Owen	Jones	7	2	11/24/2017	stu2025119@school.net
2025120	stu2025120	Jack	Wilson	7	2	07/18/2017	stu2025120@school.net
2025121	stu2025121	Owen	Miller	7	2	05/02/2017	stu2025121@school.net
2025122	stu2025122	Alexander	Jones	7	2	03/26/2017	stu2025122@school.net
2025123	stu2025123	Daniel	Almeida	7	2	10/22/2017	stu2025123@school.net
2025124	stu2025124	Liam	Rodriguez	7	2	11/14/2017	stu2025124@school.net
2025125	stu2025125	Michael	Brown	7	2	05/06/2017	stu2025125@school.net
2025126	stu2025126	Sebastian	Brown	7	2	07/01/2017	stu2025126@school.net
2025127	stu2025127	Noah	Garcia	7	2	01/09/2017	stu2025127@school.net
2025128	stu2025128	Ethan	Davis	7	2	05/12/2017	stu2025128@school.net
2025129	stu2025129	Asher	Miller	7	2	10/20/2017	stu2025129@school.net
2025130	stu2025130	Elijah	Garcia	7	2	02/21/2017	stu2025130@school.net
2025131	stu2025131	Oliver	Williams	7	2	10/28/2017	stu2025131@school.net
2025132	stu2025132	Sebastian	Smith	7	2	05/29/2017	stu2025132@school.net
2025133	stu2025133	Jack	Almeida	7	2	03/14/2017	stu2025133@school.net
2025134	stu2025134	Elijah	Miller	7	2	01/08/2017	stu2025134@school.net
2025135	stu2025135	Benjamin	Williams	7	2	07/16/2017	stu2025135@school.net
2025136	stu2025136	Daniel	Davis	7	2	11/11/2017	stu2025136@school.net
2025137	stu2025137	Jack	Johnson	7	2	06/29/2017	stu2025137@school.net
2025138	stu2025138	Elijah	Smith	7	2	11/14/2017	stu2025138@school.net
2025139	stu2025139	Jacob	Davis	7	2	02/24/2017	stu2025139@school.net
2025140	stu2025140	Liam	Davis	7	2	08/22/2017	stu2025140@school.net
2025141	stu2025141	Lucas	Jones	7	2	01/05/2017	stu2025141@school.net
2025142	stu2025142	Michael	Johnson	7	2	01/21/2017	stu2025142@school.net
2025143	stu2025143	Sebastian	Almeida	7	2	02/03/2017	stu2025143@school.net
2025144	stu2025144	Lucas	Garcia	7	2	11/09/2017	stu2025144@school.net
2025145	stu2025145	Sebastian	Wilson	7	2	05/29/2017	stu2025145@school.net
2025146	stu2025146	Asher	Johnson	7	2	04/17/2017	stu2025146@school.net
2025147	stu2025147	Ethan	Wilson	7	2	04/08/2017	stu2025147@school.net
2025148	stu2025148	William	Brown	7	2	06/01/2017	stu2025148@school.net
2025149	stu2025149	Mateo	Miller	7	2	08/02/2017	stu2025149@school.net
2025150	stu2025150	Sebastian	Brown	7	2	12/29/2017	stu2025150@school.net
2025151	stu2025151	Sebastian	Jones	7	2	06/05/2017	stu2025151@school.net
2025152	stu2025152	Oliver	Brown	7	2	12/11/2017	stu2025152@school.net
2025153	stu2025153	Noah	Williams	7	2	10/31/2017	stu2025153@school.net
2025154	stu2025154	Owen	Tanaka	7	2	12/18/2017	stu2025154@school.net
2025155	stu2025155	Lucas	Williams	7	2	01/12/2017	stu2025155@school.net
2025156	stu2025156	Noah	Wilson	7	2	03/31/2017	stu2025156@school.net
2025157	stu2025157	Henry	Miller	7	2	08/18/2017	stu2025157@school.net
2025158	stu2025158	Noah	Smith	7	2	11/14/2017	stu2025158@school.net
2025159	stu2025159	Alexander	Miller	7	2	04/26/2017	stu2025159@school.net
2025160	stu2025160	Noah	Garcia	7	2	02/16/2017	stu2025160@school.net
2025161	stu2025161	Lucas	Garcia	7	2	09/09/2017	stu2025161@school.net
2025162	stu2025162	Liam	Brown	7	2	09/23/2017	stu2025162@school.net
2025163	stu2025163	Michael	Chen	7	2	04/03/2017	stu2025163@school.net
2025164	stu2025164	James	Smith	7	2	01/03/2017	stu2025164@school.net
2025165	stu2025165	Michael	Smith	7	2	05/23/2017	stu2025165@school.net
2025166	stu2025166	Ethan	Miller	7	2	12/26/2017	stu2025166@school.net
2025167	stu2025167	Jacob	Miller	7	2	02/27/2017	stu2025167@school.net
2025168	stu2025168	Lucas	Smith	8	3	06/16/2016	stu2025168@school.net
2025169	stu2025169	Oliver	Brown	8	3	08/17/2016	stu2025169@school.net
2025170	stu2025170	Owen	Wilson	8	3	05/28/2016	stu2025170@school.net
2025171	stu2025171	Levi	Smith	8	3	02/10/2016	stu2025171@school.net
2025172	stu2025172	Daniel	Miller	8	3	12/14/2016	stu2025172@school.net
2025173	stu2025173	Sebastian	Williams	8	3	12/06/2016	stu2025173@school.net
2025174	stu2025174	Lucas	Smith	8	3	09/17/2016	stu2025174@school.net
2025175	stu2025175	Oliver	Chen	8	3	02/06/2016	stu2025175@school.net
2025176	stu2025176	Noah	Ivanov	8	3	08/06/2016	stu2025176@school.net
2025177	stu2025177	Jack	Smith	8	3	07/22/2016	stu2025177@school.net
2025178	stu2025178	Jacob	Rodriguez	8	3	05/11/2016	stu2025178@school.net
2025179	stu2025179	Michael	Garcia	8	3	04/20/2016	stu2025179@school.net
2025180	stu2025180	Liam	Wilson	8	3	01/26/2016	stu2025180@school.net
2025181	stu2025181	Owen	Jones	8	3	10/22/2016	stu2025181@school.net
2025182	stu2025182	Henry	Garcia	8	3	11/11/2016	stu2025182@school.net
2025183	stu2025183	Benjamin	Rodriguez	8	3	03/11/2016	stu2025183@school.net
2025184	stu2025184	Asher	Brown	8	3	03/15/2016	stu2025184@school.net
2025185	stu2025185	Sebastian	Williams	8	3	08/10/2016	stu2025185@school.net
2025186	stu2025186	Michael	Williams	8	3	12/03/2016	stu2025186@school.net
2025187	stu2025187	Jacob	Davis	8	3	12/26/2016	stu2025187@school.net
2025188	stu2025188	Levi	Jones	8	3	09/28/2016	stu2025188@school.net
2025189	stu2025189	Levi	Miller	8	3	02/01/2016	stu2025189@school.net
2025190	stu2025190	James	Davis	8	3	01/27/2016	stu2025190@school.net
2025191	stu2025191	Noah	Johnson	8	3	12/07/2016	stu2025191@school.net
2025192	stu2025192	Henry	Rodriguez	8	3	06/02/2016	stu2025192@school.net
2025193	stu2025193	William	Johnson	8	3	05/25/2016	stu2025193@school.net
2025194	stu2025194	Elijah	Garcia	8	3	08/28/2016	stu2025194@school.net
2025195	stu2025195	Ethan	Rodriguez	8	3	01/15/2016	stu2025195@school.net
2025196	stu2025196	Jacob	Brown	8	3	04/15/2016	stu2025196@school.net
2025197	stu2025197	Henry	Hernandez	8	3	09/23/2016	stu2025197@school.net
2025198	stu2025198	Henry	Johnson	8	3	04/14/2016	stu2025198@school.net
2025199	stu2025199	Daniel	Rodriguez	8	3	07/21/2016	stu2025199@school.net
2025200	stu2025200	Sebastian	Davis	8	3	08/12/2016	stu2025200@school.net
2025201	stu2025201	Daniel	Miller	8	3	12/07/2016	stu2025201@school.net
2025202	stu2025202	Jack	Brown	8	3	04/14/2016	stu2025202@school.net
2025203	stu2025203	Noah	Rodriguez	8	3	05/18/2016	stu2025203@school.net
2025204	stu2025204	Ethan	Wilson	8	3	12/24/2016	stu2025204@school.net
2025205	stu2025205	Mateo	Johnson	8	3	06/26/2016	stu2025205@school.net
2025206	stu2025206	Ethan	Almeida	8	3	05/03/2016	stu2025206@school.net
2025207	stu2025207	Mateo	Miller	8	3	01/21/2016	stu2025207@school.net
2025208	stu2025208	Alexander	Brown	8	3	02/29/2016	stu2025208@school.net
2025209	stu2025209	Ethan	Kim	8	3	09/17/2016	stu2025209@school.net
2025210	stu2025210	Noah	Rodriguez	8	3	05/31/2016	stu2025210@school.net
2025211	stu2025211	Benjamin	Garcia	8	3	06/22/2016	stu2025211@school.net
2025212	stu2025212	Lucas	Garcia	8	3	10/27/2016	stu2025212@school.net
2025213	stu2025213	Noah	Davis	8	3	02/26/2016	stu2025213@school.net
2025214	stu2025214	Mateo	Williams	8	3	02/07/2016	stu2025214@school.net
2025215	stu2025215	Oliver	Johnson	8	3	02/09/2016	stu2025215@school.net
2025216	stu2025216	Oliver	Johnson	8	3	11/12/2016	stu2025216@school.net
2025217	stu2025217	Mateo	Brown	8	3	06/18/2016	stu2025217@school.net
2025218	stu2025218	James	Smith	8	3	02/25/2016	stu2025218@school.net
2025219	stu2025219	Owen	Kim	8	3	05/20/2016	stu2025219@school.net
2025220	stu2025220	William	Jones	8	3	06/11/2016	stu2025220@school.net
2025221	stu2025221	Asher	Miller	8	3	09/24/2016	stu2025221@school.net
2025222	stu2025222	Jack	Rodriguez	8	3	02/09/2016	stu2025222@school.net
2025223	stu2025223	William	Johnson	8	3	03/23/2016	stu2025223@school.net
2025224	stu2025224	Benjamin	Davis	8	3	03/31/2016	stu2025224@school.net
2025225	stu2025225	Elijah	Miller	8	3	06/30/2016	stu2025225@school.net
2025226	stu2025226	Michael	Kim	8	3	10/10/2016	stu2025226@school.net
2025227	stu2025227	Jacob	Kumar	8	3	06/26/2016	stu2025227@school.net
2025228	stu2025228	Asher	Ivanov	8	3	04/03/2016	stu2025228@school.net
2025229	stu2025229	Levi	Brown	8	3	04/19/2016	stu2025229@school.net
2025230	stu2025230	Henry	Garcia	8	3	09/24/2016	stu2025230@school.net
2025231	stu2025231	Liam	Williams	8	3	03/29/2016	stu2025231@school.net
2025232	stu2025232	Lucas	Williams	8	3	03/20/2016	stu2025232@school.net
2025233	stu2025233	Ethan	Garcia	8	3	08/02/2016	stu2025233@school.net
2025234	stu2025234	Noah	Smith	8	3	02/26/2016	stu2025234@school.net
2025235	stu2025235	Elijah	Davis	8	3	11/15/2016	stu2025235@school.net
2025236	stu2025236	Michael	Jones	8	3	08/27/2016	stu2025236@school.net
2025237	stu2025237	Jacob	Brown	8	3	02/11/2016	stu2025237@school.net
2025238	stu2025238	Owen	Garcia	8	3	12/26/2016	stu2025238@school.net
2025239	stu2025239	James	Brown	8	3	09/28/2016	stu2025239@school.net
2025240	stu2025240	Elijah	Johnson	8	3	12/03/2016	stu2025240@school.net
2025241	stu2025241	Levi	Rodriguez	8	3	04/14/2016	stu2025241@school.net
2025242	stu2025242	Owen	Johnson	8	3	12/28/2016	stu2025242@school.net
2025243	stu2025243	Mateo	Wilson	8	3	06/23/2016	stu2025243@school.net
2025244	stu2025244	Owen	Nguyen	8	3	03/13/2016	stu2025244@school.net
2025245	stu2025245	Ethan	Davis	8	3	07/02/2016	stu2025245@school.net
2025246	stu2025246	James	Jones	8	3	09/26/2016	stu2025246@school.net
2025247	stu2025247	Asher	Davis	8	3	03/14/2016	stu2025247@school.net
2025248	stu2025248	Liam	Wilson	8	3	05/28/2016	stu2025248@school.net
2025249	stu2025249	Benjamin	Jones	8	3	02/07/2016	stu2025249@school.net
2025250	stu2025250	Jacob	Kim	8	3	10/09/2016	stu2025250@school.net
2025251	stu2025251	Jacob	Johnson	9	4	12/15/2015	stu2025251@school.net
2025252	stu2025252	Owen	Davis	9	4	04/25/2015	stu2025252@school.net
2025253	stu2025253	Liam	Rodriguez	9	4	07/03/2015	stu2025253@school.net
2025254	stu2025254	Oliver	Jones	9	4	04/09/2015	stu2025254@school.net
2025255	stu2025255	Jack	Wilson	9	4	07/20/2015	stu2025255@school.net
2025256	stu2025256	Jack	Davis	9	4	08/03/2015	stu2025256@school.net
2025257	stu2025257	Noah	Smith	9	4	07/08/2015	stu2025257@school.net
2025258	stu2025258	Levi	Brown	9	4	04/23/2015	stu2025258@school.net
2025259	stu2025259	Levi	Williams	9	4	11/09/2015	stu2025259@school.net
2025260	stu2025260	Daniel	Davis	9	4	05/13/2015	stu2025260@school.net
2025261	stu2025261	Lucas	Popov	9	4	09/26/2015	stu2025261@school.net
2025262	stu2025262	Michael	Garcia	9	4	05/10/2015	stu2025262@school.net
2025263	stu2025263	Benjamin	Garcia	9	4	08/06/2015	stu2025263@school.net
2025264	stu2025264	Alexander	Jones	9	4	05/07/2015	stu2025264@school.net
2025265	stu2025265	Daniel	Kumar	9	4	06/19/2015	stu2025265@school.net
2025266	stu2025266	Levi	Davis	9	4	10/09/2015	stu2025266@school.net
2025267	stu2025267	Owen	Brown	9	4	04/29/2015	stu2025267@school.net
2025268	stu2025268	William	Jones	9	4	10/25/2015	stu2025268@school.net
2025269	stu2025269	Liam	Williams	9	4	03/26/2015	stu2025269@school.net
2025270	stu2025270	Liam	Brown	9	4	01/31/2015	stu2025270@school.net
2025271	stu2025271	Levi	Wilson	9	4	10/29/2015	stu2025271@school.net
2025272	stu2025272	Noah	Davis	9	4	09/06/2015	stu2025272@school.net
2025273	stu2025273	William	Brown	9	4	08/25/2015	stu2025273@school.net
2025274	stu2025274	Jacob	Williams	9	4	04/26/2015	stu2025274@school.net
2025275	stu2025275	Henry	Brown	9	4	04/16/2015	stu2025275@school.net
2025276	stu2025276	Michael	Jones	9	4	11/25/2015	stu2025276@school.net
2025277	stu2025277	Noah	Jones	9	4	10/14/2015	stu2025277@school.net
2025278	stu2025278	Noah	Brown	9	4	04/07/2015	stu2025278@school.net
2025279	stu2025279	Ethan	Smith	9	4	04/13/2015	stu2025279@school.net
2025280	stu2025280	Benjamin	Kim	9	4	02/07/2015	stu2025280@school.net
2025281	stu2025281	Asher	Rodriguez	9	4	01/18/2015	stu2025281@school.net
2025282	stu2025282	Oliver	Popov	9	4	01/09/2015	stu2025282@school.net
2025283	stu2025283	Noah	Williams	9	4	04/20/2015	stu2025283@school.net
2025284	stu2025284	Daniel	Williams	9	4	05/19/2015	stu2025284@school.net
2025285	stu2025285	Elijah	Johnson	9	4	07/29/2015	stu2025285@school.net
2025286	stu2025286	Ethan	Johnson	9	4	11/22/2015	stu2025286@school.net
2025287	stu2025287	James	Miller	9	4	10/31/2015	stu2025287@school.net
2025288	stu2025288	Ethan	Almeida	9	4	03/04/2015	stu2025288@school.net
2025289	stu2025289	Elijah	Johnson	9	4	06/08/2015	stu2025289@school.net
2025290	stu2025290	Elijah	Davis	9	4	04/18/2015	stu2025290@school.net
2025291	stu2025291	James	Jones	9	4	07/05/2015	stu2025291@school.net
2025292	stu2025292	Alexander	Dubois	9	4	01/25/2015	stu2025292@school.net
2025293	stu2025293	Ethan	Rodriguez	9	4	02/03/2015	stu2025293@school.net
2025294	stu2025294	Jacob	Brown	9	4	03/19/2015	stu2025294@school.net
2025295	stu2025295	Alexander	Smith	9	4	01/12/2015	stu2025295@school.net
2025296	stu2025296	Jack	Wilson	9	4	12/26/2015	stu2025296@school.net
2025297	stu2025297	William	Brown	9	4	04/11/2015	stu2025297@school.net
2025298	stu2025298	James	Miller	9	4	08/22/2015	stu2025298@school.net
2025299	stu2025299	Ethan	Rodriguez	9	4	08/05/2015	stu2025299@school.net
2025300	stu2025300	William	Miller	9	4	04/15/2015	stu2025300@school.net
2025301	stu2025301	Jack	Wilson	9	4	06/09/2015	stu2025301@school.net
2025302	stu2025302	Liam	Smith	9	4	09/16/2015	stu2025302@school.net
2025303	stu2025303	Levi	Davis	9	4	07/29/2015	stu2025303@school.net
2025304	stu2025304	Alexander	Garcia	9	4	08/06/2015	stu2025304@school.net
2025305	stu2025305	Elijah	Garcia	9	4	01/01/2015	stu2025305@school.net
2025306	stu2025306	Sebastian	Wilson	9	4	06/03/2015	stu2025306@school.net
2025307	stu2025307	Levi	Rodriguez	9	4	01/05/2015	stu2025307@school.net
2025308	stu2025308	Jacob	Brown	9	4	05/14/2015	stu2025308@school.net
2025309	stu2025309	Owen	Smith	9	4	01/23/2015	stu2025309@school.net
2025310	stu2025310	Levi	Smith	9	4	08/19/2015	stu2025310@school.net
2025311	stu2025311	Levi	Wilson	9	4	03/05/2015	stu2025311@school.net
2025312	stu2025312	Ethan	Miller	9	4	10/07/2015	stu2025312@school.net
2025313	stu2025313	Lucas	Davis	9	4	03/12/2015	stu2025313@school.net
2025314	stu2025314	Owen	Smith	9	4	08/13/2015	stu2025314@school.net
2025315	stu2025315	Mateo	Johnson	9	4	03/09/2015	stu2025315@school.net
2025316	stu2025316	William	Ivanov	9	4	02/07/2015	stu2025316@school.net
2025317	stu2025317	Jacob	Brown	9	4	05/13/2015	stu2025317@school.net
2025318	stu2025318	Henry	Brown	9	4	04/24/2015	stu2025318@school.net
2025319	stu2025319	Owen	Wilson	9	4	08/20/2015	stu2025319@school.net
2025320	stu2025320	Mateo	Wilson	9	4	03/05/2015	stu2025320@school.net
2025321	stu2025321	Liam	Garcia	9	4	04/12/2015	stu2025321@school.net
2025322	stu2025322	Henry	Rodriguez	9	4	10/22/2015	stu2025322@school.net
2025323	stu2025323	Owen	Davis	9	4	02/04/2015	stu2025323@school.net
2025324	stu2025324	James	Rodriguez	9	4	08/01/2015	stu2025324@school.net
2025325	stu2025325	Owen	Hernandez	9	4	03/26/2015	stu2025325@school.net
2025326	stu2025326	Liam	Wilson	9	4	06/28/2015	stu2025326@school.net
2025327	stu2025327	William	Rodriguez	9	4	07/22/2015	stu2025327@school.net
2025328	stu2025328	Jacob	Davis	9	4	10/13/2015	stu2025328@school.net
2025329	stu2025329	Daniel	Smith	9	4	05/09/2015	stu2025329@school.net
2025330	stu2025330	Benjamin	Rodriguez	9	4	04/03/2015	stu2025330@school.net
2025331	stu2025331	Liam	Smith	9	4	07/30/2015	stu2025331@school.net
2025332	stu2025332	Lucas	Davis	9	4	03/23/2015	stu2025332@school.net
2025333	stu2025333	Ethan	Williams	9	4	08/21/2015	stu2025333@school.net
2025334	stu2025334	Noah	Williams	9	4	01/21/2015	stu2025334@school.net
2025335	stu2025335	Henry	Brown	10	5	06/21/2014	stu2025335@school.net
2025336	stu2025336	Jacob	Brown	10	5	03/13/2014	stu2025336@school.net
2025337	stu2025337	Ethan	Johnson	10	5	02/27/2014	stu2025337@school.net
2025338	stu2025338	Henry	Jones	10	5	01/08/2014	stu2025338@school.net
2025339	stu2025339	Jack	Garcia	10	5	09/29/2014	stu2025339@school.net
2025340	stu2025340	Jacob	Popov	10	5	09/25/2014	stu2025340@school.net
2025341	stu2025341	Sebastian	Davis	10	5	04/06/2014	stu2025341@school.net
2025342	stu2025342	Elijah	Williams	10	5	06/15/2014	stu2025342@school.net
2025343	stu2025343	Daniel	Smith	10	5	06/25/2014	stu2025343@school.net
2025344	stu2025344	Sebastian	Williams	10	5	10/16/2014	stu2025344@school.net
2025345	stu2025345	Mateo	Jones	10	5	09/26/2014	stu2025345@school.net
2025346	stu2025346	Oliver	Miller	10	5	12/22/2014	stu2025346@school.net
2025347	stu2025347	Benjamin	Smith	10	5	06/17/2014	stu2025347@school.net
2025348	stu2025348	Lucas	Miller	10	5	02/05/2014	stu2025348@school.net
2025349	stu2025349	Asher	Garcia	10	5	12/10/2014	stu2025349@school.net
2025350	stu2025350	Daniel	Garcia	10	5	10/04/2014	stu2025350@school.net
2025351	stu2025351	Noah	Johnson	10	5	01/19/2014	stu2025351@school.net
2025352	stu2025352	Oliver	Smith	10	5	09/08/2014	stu2025352@school.net
2025353	stu2025353	Sebastian	Johnson	10	5	04/07/2014	stu2025353@school.net
2025354	stu2025354	Oliver	Miller	10	5	04/10/2014	stu2025354@school.net
2025355	stu2025355	Jack	Jones	10	5	07/08/2014	stu2025355@school.net
2025356	stu2025356	Benjamin	Wilson	10	5	10/13/2014	stu2025356@school.net
2025357	stu2025357	Sebastian	Garcia	10	5	04/26/2014	stu2025357@school.net
2025358	stu2025358	James	Garcia	10	5	06/23/2014	stu2025358@school.net
2025359	stu2025359	Jack	Smith	10	5	02/23/2014	stu2025359@school.net
2025360	stu2025360	Mateo	Jones	10	5	04/12/2014	stu2025360@school.net
2025361	stu2025361	Noah	Brown	10	5	12/16/2014	stu2025361@school.net
2025362	stu2025362	Mateo	Johnson	10	5	03/06/2014	stu2025362@school.net
2025363	stu2025363	Liam	Williams	10	5	06/19/2014	stu2025363@school.net
2025364	stu2025364	Jack	Chen	10	5	09/23/2014	stu2025364@school.net
2025365	stu2025365	Sebastian	Nguyen	10	5	11/06/2014	stu2025365@school.net
2025366	stu2025366	William	Smith	10	5	11/24/2014	stu2025366@school.net
2025367	stu2025367	Henry	Rodriguez	10	5	05/27/2014	stu2025367@school.net
2025368	stu2025368	Lucas	Nguyen	10	5	01/19/2014	stu2025368@school.net
2025369	stu2025369	Noah	Brown	10	5	03/12/2014	stu2025369@school.net
2025370	stu2025370	Sebastian	Jones	10	5	02/24/2014	stu2025370@school.net
2025371	stu2025371	Michael	Ivanov	10	5	02/09/2014	stu2025371@school.net
2025372	stu2025372	Noah	Garcia	10	5	08/17/2014	stu2025372@school.net
2025373	stu2025373	Owen	Miller	10	5	01/18/2014	stu2025373@school.net
2025374	stu2025374	Lucas	Wilson	10	5	05/08/2014	stu2025374@school.net
2025375	stu2025375	Elijah	Williams	10	5	04/02/2014	stu2025375@school.net
2025376	stu2025376	Jacob	Chen	10	5	06/13/2014	stu2025376@school.net
2025377	stu2025377	Mateo	Garcia	10	5	06/19/2014	stu2025377@school.net
2025378	stu2025378	Michael	Garcia	10	5	04/07/2014	stu2025378@school.net
2025379	stu2025379	Jacob	Jones	10	5	05/02/2014	stu2025379@school.net
2025380	stu2025380	Benjamin	Williams	10	5	09/15/2014	stu2025380@school.net
2025381	stu2025381	Levi	Wilson	10	5	09/03/2014	stu2025381@school.net
2025382	stu2025382	Oliver	Davis	10	5	09/01/2014	stu2025382@school.net
2025383	stu2025383	James	Wilson	10	5	08/25/2014	stu2025383@school.net
2025384	stu2025384	Jack	Miller	10	5	03/18/2014	stu2025384@school.net
2025385	stu2025385	Noah	Smith	10	5	07/16/2014	stu2025385@school.net
2025386	stu2025386	Elijah	Rodriguez	10	5	10/17/2014	stu2025386@school.net
2025387	stu2025387	Lucas	Popov	10	5	02/10/2014	stu2025387@school.net
2025388	stu2025388	Mateo	Smith	10	5	01/26/2014	stu2025388@school.net
2025389	stu2025389	Oliver	Davis	10	5	08/17/2014	stu2025389@school.net
2025390	stu2025390	Ethan	Johnson	10	5	02/23/2014	stu2025390@school.net
2025391	stu2025391	Oliver	Miller	10	5	05/29/2014	stu2025391@school.net
2025392	stu2025392	Owen	Rodriguez	10	5	04/27/2014	stu2025392@school.net
2025393	stu2025393	Henry	Wilson	10	5	10/26/2014	stu2025393@school.net
2025394	stu2025394	Alexander	Rodriguez	10	5	03/19/2014	stu2025394@school.net
2025395	stu2025395	Alexander	Davis	10	5	02/18/2014	stu2025395@school.net
2025396	stu2025396	James	Brown	10	5	04/16/2014	stu2025396@school.net
2025397	stu2025397	William	Johnson	10	5	08/06/2014	stu2025397@school.net
2025398	stu2025398	William	Rodriguez	10	5	07/16/2014	stu2025398@school.net
2025399	stu2025399	Michael	Johnson	10	5	04/07/2014	stu2025399@school.net
2025400	stu2025400	Levi	Williams	10	5	07/17/2014	stu2025400@school.net
2025401	stu2025401	Ethan	Brown	10	5	02/05/2014	stu2025401@school.net
2025402	stu2025402	Oliver	Miller	10	5	04/10/2014	stu2025402@school.net
2025403	stu2025403	Oliver	Wilson	10	5	03/04/2014	stu2025403@school.net
2025404	stu2025404	Asher	Brown	10	5	10/18/2014	stu2025404@school.net
2025405	stu2025405	Elijah	Williams	10	5	10/02/2014	stu2025405@school.net
2025406	stu2025406	Noah	Wilson	10	5	10/21/2014	stu2025406@school.net
2025407	stu2025407	Lucas	Brown	10	5	12/21/2014	stu2025407@school.net
2025408	stu2025408	Liam	Hernandez	10	5	01/21/2014	stu2025408@school.net
2025409	stu2025409	Liam	Johnson	10	5	02/24/2014	stu2025409@school.net
2025410	stu2025410	Asher	Garcia	10	5	03/17/2014	stu2025410@school.net
2025411	stu2025411	Benjamin	Garcia	10	5	04/20/2014	stu2025411@school.net
2025412	stu2025412	Asher	Davis	10	5	03/20/2014	stu2025412@school.net
2025413	stu2025413	Asher	Brown	10	5	10/24/2014	stu2025413@school.net
2025414	stu2025414	Asher	Johnson	10	5	09/11/2014	stu2025414@school.net
2025415	stu2025415	Jacob	Smith	10	5	12/20/2014	stu2025415@school.net
2025416	stu2025416	Noah	Miller	10	5	11/01/2014	stu2025416@school.net
2025417	stu2025417	Mateo	Williams	10	5	09/20/2014	stu2025417@school.net
2025418	stu2025418	Jack	Nguyen	11	6	12/10/2013	stu2025418@school.net
2025419	stu2025419	Noah	Rodriguez	11	6	08/28/2013	stu2025419@school.net
2025420	stu2025420	Owen	Wilson	11	6	03/11/2013	stu2025420@school.net
2025421	stu2025421	Levi	Tanaka	11	6	03/29/2013	stu2025421@school.net
2025422	stu2025422	Asher	Miller	11	6	05/14/2013	stu2025422@school.net
2025423	stu2025423	Lucas	Miller	11	6	08/30/2013	stu2025423@school.net
2025424	stu2025424	Michael	Rodriguez	11	6	10/06/2013	stu2025424@school.net
2025425	stu2025425	Sebastian	Kim	11	6	11/15/2013	stu2025425@school.net
2025426	stu2025426	Lucas	Williams	11	6	06/08/2013	stu2025426@school.net
2025427	stu2025427	Sebastian	Brown	11	6	07/14/2013	stu2025427@school.net
2025428	stu2025428	Asher	Garcia	11	6	07/31/2013	stu2025428@school.net
2025429	stu2025429	Oliver	Smith	11	6	03/18/2013	stu2025429@school.net
2025430	stu2025430	Henry	Davis	11	6	08/30/2013	stu2025430@school.net
2025431	stu2025431	Noah	Smith	11	6	07/20/2013	stu2025431@school.net
2025432	stu2025432	Alexander	Wilson	11	6	12/22/2013	stu2025432@school.net
2025433	stu2025433	Elijah	Wilson	11	6	05/22/2013	stu2025433@school.net
2025434	stu2025434	Benjamin	Smith	11	6	04/11/2013	stu2025434@school.net
2025435	stu2025435	Owen	Jones	11	6	09/16/2013	stu2025435@school.net
2025436	stu2025436	Asher	Rodriguez	11	6	07/20/2013	stu2025436@school.net
2025437	stu2025437	Liam	Brown	11	6	06/25/2013	stu2025437@school.net
2025438	stu2025438	Owen	Davis	11	6	01/28/2013	stu2025438@school.net
2025439	stu2025439	Jack	Williams	11	6	02/14/2013	stu2025439@school.net
2025440	stu2025440	Levi	Williams	11	6	02/12/2013	stu2025440@school.net
2025441	stu2025441	William	Johnson	11	6	09/10/2013	stu2025441@school.net
2025442	stu2025442	Liam	Brown	11	6	12/11/2013	stu2025442@school.net
2025443	stu2025443	James	Miller	11	6	08/25/2013	stu2025443@school.net
2025444	stu2025444	Asher	Rodriguez	11	6	06/02/2013	stu2025444@school.net
2025445	stu2025445	Levi	Brown	11	6	08/02/2013	stu2025445@school.net
2025446	stu2025446	Owen	Davis	11	6	07/26/2013	stu2025446@school.net
2025447	stu2025447	Lucas	Johnson	11	6	07/13/2013	stu2025447@school.net
2025448	stu2025448	Jack	Johnson	11	6	07/19/2013	stu2025448@school.net
2025449	stu2025449	Levi	Johnson	11	6	04/28/2013	stu2025449@school.net
2025450	stu2025450	Noah	Davis	11	6	12/20/2013	stu2025450@school.net
2025451	stu2025451	Benjamin	Garcia	11	6	02/09/2013	stu2025451@school.net
2025452	stu2025452	Liam	Garcia	11	6	06/28/2013	stu2025452@school.net
2025453	stu2025453	William	Williams	11	6	01/08/2013	stu2025453@school.net
2025454	stu2025454	Ethan	Brown	11	6	09/16/2013	stu2025454@school.net
2025455	stu2025455	Benjamin	Jones	11	6	01/31/2013	stu2025455@school.net
2025456	stu2025456	James	Rodriguez	11	6	10/14/2013	stu2025456@school.net
2025457	stu2025457	Henry	Jones	11	6	05/12/2013	stu2025457@school.net
2025458	stu2025458	Lucas	Wilson	11	6	12/19/2013	stu2025458@school.net
2025459	stu2025459	Oliver	Williams	11	6	07/16/2013	stu2025459@school.net
2025460	stu2025460	Henry	Garcia	11	6	02/15/2013	stu2025460@school.net
2025461	stu2025461	Benjamin	Rodriguez	11	6	11/29/2013	stu2025461@school.net
2025462	stu2025462	James	Smith	11	6	12/19/2013	stu2025462@school.net
2025463	stu2025463	James	Davis	11	6	05/02/2013	stu2025463@school.net
2025464	stu2025464	James	Smith	11	6	12/21/2013	stu2025464@school.net
2025465	stu2025465	Benjamin	Johnson	11	6	06/16/2013	stu2025465@school.net
2025466	stu2025466	Benjamin	Brown	11	6	01/25/2013	stu2025466@school.net
2025467	stu2025467	Michael	Wilson	11	6	09/15/2013	stu2025467@school.net
2025468	stu2025468	Daniel	Jones	11	6	09/26/2013	stu2025468@school.net
2025469	stu2025469	Ethan	Kumar	11	6	03/22/2013	stu2025469@school.net
2025470	stu2025470	Owen	Brown	11	6	02/27/2013	stu2025470@school.net
2025471	stu2025471	Elijah	Jones	11	6	01/07/2013	stu2025471@school.net
2025472	stu2025472	William	Johnson	11	6	07/15/2013	stu2025472@school.net
2025473	stu2025473	Benjamin	Brown	11	6	07/10/2013	stu2025473@school.net
2025474	stu2025474	Alexander	Kumar	11	6	07/10/2013	stu2025474@school.net
2025475	stu2025475	James	Williams	11	6	12/26/2013	stu2025475@school.net
2025476	stu2025476	Alexander	Williams	11	6	04/21/2013	stu2025476@school.net
2025477	stu2025477	Ethan	Miller	11	6	03/17/2013	stu2025477@school.net
2025478	stu2025478	Daniel	Brown	11	6	09/03/2013	stu2025478@school.net
2025479	stu2025479	Henry	Brown	11	6	05/21/2013	stu2025479@school.net
2025480	stu2025480	Henry	Brown	11	6	08/27/2013	stu2025480@school.net
2025481	stu2025481	Michael	Garcia	11	6	09/05/2013	stu2025481@school.net
2025482	stu2025482	Levi	Wilson	11	6	10/24/2013	stu2025482@school.net
2025483	stu2025483	James	Johnson	11	6	03/31/2013	stu2025483@school.net
2025484	stu2025484	William	Rodriguez	11	6	11/01/2013	stu2025484@school.net
2025485	stu2025485	Ethan	Garcia	11	6	10/04/2013	stu2025485@school.net
2025486	stu2025486	Noah	Williams	11	6	04/12/2013	stu2025486@school.net
2025487	stu2025487	Alexander	Johnson	11	6	01/15/2013	stu2025487@school.net
2025488	stu2025488	James	Williams	11	6	06/05/2013	stu2025488@school.net
2025489	stu2025489	Michael	Davis	11	6	11/04/2013	stu2025489@school.net
2025490	stu2025490	Oliver	Miller	11	6	11/29/2013	stu2025490@school.net
2025491	stu2025491	Ethan	Rodriguez	11	6	01/08/2013	stu2025491@school.net
2025492	stu2025492	Levi	Ivanov	11	6	12/07/2013	stu2025492@school.net
2025493	stu2025493	Daniel	Garcia	11	6	07/03/2013	stu2025493@school.net
2025494	stu2025494	Liam	Miller	11	6	01/24/2013	stu2025494@school.net
2025495	stu2025495	Michael	Davis	11	6	01/13/2013	stu2025495@school.net
2025496	stu2025496	Michael	Garcia	11	6	04/24/2013	stu2025496@school.net
2025497	stu2025497	Oliver	Davis	11	6	10/15/2013	stu2025497@school.net
2025498	stu2025498	Oliver	Rodriguez	11	6	10/25/2013	stu2025498@school.net
2025499	stu2025499	Daniel	Rodriguez	11	6	06/07/2013	stu2025499@school.net
2025500	stu2025500	Ethan	Miller	11	6	07/17/2013	stu2025500@school.net
2025501	stu2025501	Owen	Kumar	12	7	01/25/2012	stu2025501@school.net
2025502	stu2025502	Daniel	Rodriguez	12	7	02/14/2012	stu2025502@school.net
2025503	stu2025503	Ethan	Miller	12	7	09/25/2012	stu2025503@school.net
2025504	stu2025504	Ethan	Hernandez	12	7	09/07/2012	stu2025504@school.net
2025505	stu2025505	Noah	Johnson	12	7	12/16/2012	stu2025505@school.net
2025506	stu2025506	William	Jones	12	7	02/07/2012	stu2025506@school.net
2025507	stu2025507	Asher	Nguyen	12	7	02/24/2012	stu2025507@school.net
2025508	stu2025508	Daniel	Jones	12	7	03/13/2012	stu2025508@school.net
2025509	stu2025509	Elijah	Garcia	12	7	04/13/2012	stu2025509@school.net
2025510	stu2025510	Sebastian	Miller	12	7	10/30/2012	stu2025510@school.net
2025511	stu2025511	Levi	Davis	12	7	03/28/2012	stu2025511@school.net
2025512	stu2025512	Alexander	Brown	12	7	07/29/2012	stu2025512@school.net
2025513	stu2025513	Owen	Davis	12	7	08/12/2012	stu2025513@school.net
2025514	stu2025514	Lucas	Rodriguez	12	7	05/20/2012	stu2025514@school.net
2025515	stu2025515	Jack	Garcia	12	7	01/17/2012	stu2025515@school.net
2025516	stu2025516	Henry	Wilson	12	7	02/24/2012	stu2025516@school.net
2025517	stu2025517	Asher	Johnson	12	7	04/28/2012	stu2025517@school.net
2025518	stu2025518	William	Brown	12	7	11/07/2012	stu2025518@school.net
2025519	stu2025519	Elijah	Jones	12	7	08/05/2012	stu2025519@school.net
2025520	stu2025520	Alexander	Miller	12	7	07/05/2012	stu2025520@school.net
2025521	stu2025521	Owen	Brown	12	7	06/17/2012	stu2025521@school.net
2025522	stu2025522	Mateo	Rodriguez	12	7	12/23/2012	stu2025522@school.net
2025523	stu2025523	James	Johnson	12	7	11/21/2012	stu2025523@school.net
2025524	stu2025524	Henry	Garcia	12	7	09/12/2012	stu2025524@school.net
2025525	stu2025525	Sebastian	Davis	12	7	02/25/2012	stu2025525@school.net
2025526	stu2025526	Owen	Rodriguez	12	7	12/17/2012	stu2025526@school.net
2025527	stu2025527	Liam	Wilson	12	7	10/18/2012	stu2025527@school.net
2025528	stu2025528	Owen	Williams	12	7	05/30/2012	stu2025528@school.net
2025529	stu2025529	Oliver	Johnson	12	7	11/07/2012	stu2025529@school.net
2025530	stu2025530	Noah	Davis	12	7	02/28/2012	stu2025530@school.net
2025531	stu2025531	Lucas	Brown	12	7	04/29/2012	stu2025531@school.net
2025532	stu2025532	Owen	Jones	12	7	04/18/2012	stu2025532@school.net
2025533	stu2025533	Lucas	Davis	12	7	12/22/2012	stu2025533@school.net
2025534	stu2025534	Benjamin	Jones	12	7	07/11/2012	stu2025534@school.net
2025535	stu2025535	Oliver	Johnson	12	7	04/01/2012	stu2025535@school.net
2025536	stu2025536	Noah	Smith	12	7	03/25/2012	stu2025536@school.net
2025537	stu2025537	James	Johnson	12	7	10/28/2012	stu2025537@school.net
2025538	stu2025538	James	Johnson	12	7	02/18/2012	stu2025538@school.net
2025539	stu2025539	Lucas	Johnson	12	7	08/12/2012	stu2025539@school.net
2025540	stu2025540	James	Williams	12	7	07/18/2012	stu2025540@school.net
2025541	stu2025541	Owen	Davis	12	7	12/26/2012	stu2025541@school.net
2025542	stu2025542	Alexander	Davis	12	7	04/08/2012	stu2025542@school.net
2025543	stu2025543	Jack	Williams	12	7	07/06/2012	stu2025543@school.net
2025544	stu2025544	Oliver	Garcia	12	7	06/25/2012	stu2025544@school.net
2025545	stu2025545	James	Rodriguez	12	7	09/27/2012	stu2025545@school.net
2025546	stu2025546	Oliver	Johnson	12	7	10/07/2012	stu2025546@school.net
2025547	stu2025547	Asher	Popov	12	7	04/26/2012	stu2025547@school.net
2025548	stu2025548	William	Williams	12	7	01/12/2012	stu2025548@school.net
2025549	stu2025549	Asher	Wilson	12	7	08/12/2012	stu2025549@school.net
2025550	stu2025550	Jack	Smith	12	7	08/04/2012	stu2025550@school.net
2025551	stu2025551	Daniel	Wilson	12	7	03/22/2012	stu2025551@school.net
2025552	stu2025552	Levi	Wilson	12	7	04/30/2012	stu2025552@school.net
2025553	stu2025553	Jacob	Williams	12	7	04/16/2012	stu2025553@school.net
2025554	stu2025554	Lucas	Davis	12	7	06/09/2012	stu2025554@school.net
2025555	stu2025555	Michael	Hernandez	12	7	12/14/2012	stu2025555@school.net
2025556	stu2025556	Lucas	Williams	12	7	11/15/2012	stu2025556@school.net
2025557	stu2025557	William	Jones	12	7	03/29/2012	stu2025557@school.net
2025558	stu2025558	Daniel	Wilson	12	7	03/02/2012	stu2025558@school.net
2025559	stu2025559	William	Johnson	12	7	08/17/2012	stu2025559@school.net
2025560	stu2025560	Levi	Jones	12	7	11/10/2012	stu2025560@school.net
2025561	stu2025561	Alexander	Brown	12	7	05/22/2012	stu2025561@school.net
2025562	stu2025562	Owen	Rodriguez	12	7	11/24/2012	stu2025562@school.net
2025563	stu2025563	Henry	Johnson	12	7	03/01/2012	stu2025563@school.net
2025564	stu2025564	Jack	Johnson	12	7	03/29/2012	stu2025564@school.net
2025565	stu2025565	Liam	Brown	12	7	06/24/2012	stu2025565@school.net
2025566	stu2025566	Elijah	Almeida	12	7	03/30/2012	stu2025566@school.net
2025567	stu2025567	Asher	Davis	12	7	04/03/2012	stu2025567@school.net
2025568	stu2025568	Daniel	Miller	12	7	07/16/2012	stu2025568@school.net
2025569	stu2025569	Daniel	Williams	12	7	02/27/2012	stu2025569@school.net
2025570	stu2025570	Levi	Smith	12	7	10/12/2012	stu2025570@school.net
2025571	stu2025571	Jacob	Jones	12	7	04/08/2012	stu2025571@school.net
2025572	stu2025572	Benjamin	Johnson	12	7	12/06/2012	stu2025572@school.net
2025573	stu2025573	Jacob	Garcia	12	7	09/03/2012	stu2025573@school.net
2025574	stu2025574	Elijah	Kumar	12	7	04/26/2012	stu2025574@school.net
2025575	stu2025575	James	Smith	12	7	02/28/2012	stu2025575@school.net
2025576	stu2025576	Levi	Rodriguez	12	7	01/26/2012	stu2025576@school.net
2025577	stu2025577	Jack	Garcia	12	7	08/06/2012	stu2025577@school.net
2025578	stu2025578	Liam	Williams	12	7	11/02/2012	stu2025578@school.net
2025579	stu2025579	Mateo	Rodriguez	12	7	07/10/2012	stu2025579@school.net
2025580	stu2025580	William	Garcia	12	7	07/30/2012	stu2025580@school.net
2025581	stu2025581	Jacob	Smith	12	7	12/20/2012	stu2025581@school.net
2025582	stu2025582	James	Brown	12	7	05/31/2012	stu2025582@school.net
2025583	stu2025583	Jack	Davis	12	7	02/21/2012	stu2025583@school.net
2025584	stu2025584	Liam	Jones	13	8	03/01/2011	stu2025584@school.net
2025585	stu2025585	Noah	Johnson	13	8	09/21/2011	stu2025585@school.net
2025586	stu2025586	Alexander	Miller	13	8	02/10/2011	stu2025586@school.net
2025587	stu2025587	Sebastian	Miller	13	8	05/06/2011	stu2025587@school.net
2025588	stu2025588	Benjamin	Williams	13	8	10/31/2011	stu2025588@school.net
2025589	stu2025589	Henry	Jones	13	8	07/13/2011	stu2025589@school.net
2025590	stu2025590	Asher	Jones	13	8	05/02/2011	stu2025590@school.net
2025591	stu2025591	William	Williams	13	8	07/07/2011	stu2025591@school.net
2025592	stu2025592	Oliver	Johnson	13	8	12/17/2011	stu2025592@school.net
2025593	stu2025593	Elijah	Johnson	13	8	01/06/2011	stu2025593@school.net
2025594	stu2025594	Sebastian	Jones	13	8	09/09/2011	stu2025594@school.net
2025595	stu2025595	Asher	Miller	13	8	03/21/2011	stu2025595@school.net
2025596	stu2025596	Lucas	Rodriguez	13	8	07/25/2011	stu2025596@school.net
2025597	stu2025597	Sebastian	Davis	13	8	08/17/2011	stu2025597@school.net
2025598	stu2025598	Benjamin	Jones	13	8	11/26/2011	stu2025598@school.net
2025599	stu2025599	Michael	Smith	13	8	12/29/2011	stu2025599@school.net
2025600	stu2025600	Michael	Garcia	13	8	09/05/2011	stu2025600@school.net
2025601	stu2025601	Owen	Williams	13	8	08/06/2011	stu2025601@school.net
2025602	stu2025602	Sebastian	Davis	13	8	06/23/2011	stu2025602@school.net
2025603	stu2025603	Daniel	Rodriguez	13	8	06/30/2011	stu2025603@school.net
2025604	stu2025604	Owen	Williams	13	8	04/07/2011	stu2025604@school.net
2025605	stu2025605	Liam	Miller	13	8	10/27/2011	stu2025605@school.net
2025606	stu2025606	Mateo	Davis	13	8	02/07/2011	stu2025606@school.net
2025607	stu2025607	Sebastian	Davis	13	8	09/11/2011	stu2025607@school.net
2025608	stu2025608	Jacob	Ivanov	13	8	04/29/2011	stu2025608@school.net
2025609	stu2025609	Asher	Rodriguez	13	8	04/09/2011	stu2025609@school.net
2025610	stu2025610	William	Davis	13	8	07/22/2011	stu2025610@school.net
2025611	stu2025611	William	Rodriguez	13	8	07/28/2011	stu2025611@school.net
2025612	stu2025612	Michael	Brown	13	8	03/13/2011	stu2025612@school.net
2025613	stu2025613	William	Brown	13	8	08/16/2011	stu2025613@school.net
2025614	stu2025614	Mateo	Popov	13	8	11/08/2011	stu2025614@school.net
2025615	stu2025615	Noah	Garcia	13	8	01/17/2011	stu2025615@school.net
2025616	stu2025616	Asher	Davis	13	8	07/24/2011	stu2025616@school.net
2025617	stu2025617	Liam	Kim	13	8	07/14/2011	stu2025617@school.net
2025618	stu2025618	Alexander	Smith	13	8	05/23/2011	stu2025618@school.net
2025619	stu2025619	Liam	Wilson	13	8	09/13/2011	stu2025619@school.net
2025620	stu2025620	Sebastian	Johnson	13	8	05/11/2011	stu2025620@school.net
2025621	stu2025621	Jacob	Rodriguez	13	8	02/03/2011	stu2025621@school.net
2025622	stu2025622	Noah	Wilson	13	8	10/04/2011	stu2025622@school.net
2025623	stu2025623	Elijah	Williams	13	8	08/20/2011	stu2025623@school.net
2025624	stu2025624	Jack	Davis	13	8	12/21/2011	stu2025624@school.net
2025625	stu2025625	Daniel	Chen	13	8	05/16/2011	stu2025625@school.net
2025626	stu2025626	Daniel	Miller	13	8	11/19/2011	stu2025626@school.net
2025627	stu2025627	Henry	Smith	13	8	07/21/2011	stu2025627@school.net
2025628	stu2025628	Alexander	Miller	13	8	11/09/2011	stu2025628@school.net
2025629	stu2025629	Asher	Rodriguez	13	8	02/14/2011	stu2025629@school.net
2025630	stu2025630	James	Davis	13	8	08/20/2011	stu2025630@school.net
2025631	stu2025631	Jack	Wilson	13	8	01/14/2011	stu2025631@school.net
2025632	stu2025632	William	Hernandez	13	8	06/21/2011	stu2025632@school.net
2025633	stu2025633	Alexander	Rodriguez	13	8	03/08/2011	stu2025633@school.net
2025634	stu2025634	Alexander	Rodriguez	13	8	05/11/2011	stu2025634@school.net
2025635	stu2025635	Oliver	Rodriguez	13	8	12/19/2011	stu2025635@school.net
2025636	stu2025636	James	Ivanov	13	8	04/04/2011	stu2025636@school.net
2025637	stu2025637	William	Wilson	13	8	07/17/2011	stu2025637@school.net
2025638	stu2025638	Asher	Williams	13	8	03/22/2011	stu2025638@school.net
2025639	stu2025639	Michael	Garcia	13	8	01/10/2011	stu2025639@school.net
2025640	stu2025640	Owen	Wilson	13	8	08/01/2011	stu2025640@school.net
2025641	stu2025641	Liam	Williams	13	8	04/13/2011	stu2025641@school.net
2025642	stu2025642	Ethan	Jones	13	8	04/01/2011	stu2025642@school.net
2025643	stu2025643	Asher	Almeida	13	8	05/16/2011	stu2025643@school.net
2025644	stu2025644	Jacob	Nguyen	13	8	12/08/2011	stu2025644@school.net
2025645	stu2025645	Owen	Kumar	13	8	09/04/2011	stu2025645@school.net
2025646	stu2025646	Ethan	Davis	13	8	12/27/2011	stu2025646@school.net
2025647	stu2025647	Jacob	Ivanov	13	8	11/15/2011	stu2025647@school.net
2025648	stu2025648	William	Smith	13	8	07/20/2011	stu2025648@school.net
2025649	stu2025649	Benjamin	Ivanov	13	8	10/30/2011	stu2025649@school.net
2025650	stu2025650	Jacob	Davis	13	8	01/22/2011	stu2025650@school.net
2025651	stu2025651	Michael	Davis	13	8	12/20/2011	stu2025651@school.net
2025652	stu2025652	Mateo	Brown	13	8	12/09/2011	stu2025652@school.net
2025653	stu2025653	Liam	Chen	13	8	01/19/2011	stu2025653@school.net
2025654	stu2025654	Mateo	Davis	13	8	06/11/2011	stu2025654@school.net
2025655	stu2025655	Lucas	Miller	13	8	06/16/2011	stu2025655@school.net
2025656	stu2025656	Alexander	Brown	13	8	09/25/2011	stu2025656@school.net
2025657	stu2025657	Jacob	Johnson	13	8	12/04/2011	stu2025657@school.net
2025658	stu2025658	Daniel	Miller	13	8	10/12/2011	stu2025658@school.net
2025659	stu2025659	Levi	Williams	13	8	10/23/2011	stu2025659@school.net
2025660	stu2025660	Owen	Rodriguez	13	8	12/17/2011	stu2025660@school.net
2025661	stu2025661	Oliver	Williams	13	8	01/16/2011	stu2025661@school.net
2025662	stu2025662	Noah	Jones	13	8	08/09/2011	stu2025662@school.net
2025663	stu2025663	James	Williams	13	8	01/28/2011	stu2025663@school.net
2025664	stu2025664	Benjamin	Garcia	13	8	11/08/2011	stu2025664@school.net
2025665	stu2025665	Daniel	Williams	13	8	11/09/2011	stu2025665@school.net
2025666	stu2025666	William	Williams	13	8	05/10/2011	stu2025666@school.net
2025667	stu2025667	Owen	Williams	14	9	01/17/2010	stu2025667@school.net
2025668	stu2025668	Oliver	Williams	14	9	12/26/2010	stu2025668@school.net
2025669	stu2025669	Alexander	Brown	14	9	09/17/2010	stu2025669@school.net
2025670	stu2025670	Michael	Johnson	14	9	10/31/2010	stu2025670@school.net
2025671	stu2025671	Jack	Jones	14	9	08/04/2010	stu2025671@school.net
2025672	stu2025672	James	Brown	14	9	05/20/2010	stu2025672@school.net
2025673	stu2025673	Sebastian	Rodriguez	14	9	02/12/2010	stu2025673@school.net
2025674	stu2025674	Henry	Davis	14	9	12/02/2010	stu2025674@school.net
2025675	stu2025675	Jacob	Almeida	14	9	11/11/2010	stu2025675@school.net
2025676	stu2025676	Mateo	Kumar	14	9	03/29/2010	stu2025676@school.net
2025677	stu2025677	Levi	Davis	14	9	01/26/2010	stu2025677@school.net
2025678	stu2025678	Asher	Jones	14	9	10/25/2010	stu2025678@school.net
2025679	stu2025679	Jack	Jones	14	9	04/17/2010	stu2025679@school.net
2025680	stu2025680	Sebastian	Miller	14	9	08/28/2010	stu2025680@school.net
2025681	stu2025681	Liam	Kim	14	9	10/21/2010	stu2025681@school.net
2025682	stu2025682	Asher	Garcia	14	9	06/09/2010	stu2025682@school.net
2025683	stu2025683	Lucas	Garcia	14	9	08/19/2010	stu2025683@school.net
2025684	stu2025684	Jacob	Rodriguez	14	9	08/14/2010	stu2025684@school.net
2025685	stu2025685	Asher	Wilson	14	9	07/20/2010	stu2025685@school.net
2025686	stu2025686	Noah	Johnson	14	9	06/20/2010	stu2025686@school.net
2025687	stu2025687	Lucas	Davis	14	9	07/07/2010	stu2025687@school.net
2025688	stu2025688	Sebastian	Smith	14	9	05/29/2010	stu2025688@school.net
2025689	stu2025689	Levi	Jones	14	9	05/03/2010	stu2025689@school.net
2025690	stu2025690	Noah	Jones	14	9	09/29/2010	stu2025690@school.net
2025691	stu2025691	Michael	Miller	14	9	10/14/2010	stu2025691@school.net
2025692	stu2025692	Oliver	Wilson	14	9	04/08/2010	stu2025692@school.net
2025693	stu2025693	Owen	Tanaka	14	9	07/08/2010	stu2025693@school.net
2025694	stu2025694	Liam	Davis	14	9	08/17/2010	stu2025694@school.net
2025695	stu2025695	Benjamin	Rodriguez	14	9	12/25/2010	stu2025695@school.net
2025696	stu2025696	Owen	Davis	14	9	05/19/2010	stu2025696@school.net
2025697	stu2025697	Benjamin	Wilson	14	9	09/24/2010	stu2025697@school.net
2025698	stu2025698	Jack	Williams	14	9	11/13/2010	stu2025698@school.net
2025699	stu2025699	Owen	Garcia	14	9	01/20/2010	stu2025699@school.net
2025700	stu2025700	Mateo	Johnson	14	9	03/17/2010	stu2025700@school.net
2025701	stu2025701	Lucas	Kim	14	9	06/14/2010	stu2025701@school.net
2025702	stu2025702	Asher	Johnson	14	9	12/10/2010	stu2025702@school.net
2025703	stu2025703	Alexander	Wilson	14	9	11/01/2010	stu2025703@school.net
2025704	stu2025704	Levi	Davis	14	9	03/25/2010	stu2025704@school.net
2025705	stu2025705	Oliver	Garcia	14	9	12/27/2010	stu2025705@school.net
2025706	stu2025706	Liam	Jones	14	9	07/10/2010	stu2025706@school.net
2025707	stu2025707	Owen	Williams	14	9	03/24/2010	stu2025707@school.net
2025708	stu2025708	Liam	Wilson	14	9	06/16/2010	stu2025708@school.net
2025709	stu2025709	Noah	Wilson	14	9	08/14/2010	stu2025709@school.net
2025710	stu2025710	Noah	Davis	14	9	05/17/2010	stu2025710@school.net
2025711	stu2025711	James	Williams	14	9	12/22/2010	stu2025711@school.net
2025712	stu2025712	Jacob	Brown	14	9	04/14/2010	stu2025712@school.net
2025713	stu2025713	Henry	Smith	14	9	11/05/2010	stu2025713@school.net
2025714	stu2025714	Benjamin	Miller	14	9	08/30/2010	stu2025714@school.net
2025715	stu2025715	Oliver	Smith	14	9	09/29/2010	stu2025715@school.net
2025716	stu2025716	William	Tanaka	14	9	10/30/2010	stu2025716@school.net
2025717	stu2025717	Jacob	Brown	14	9	03/02/2010	stu2025717@school.net
2025718	stu2025718	Benjamin	Kim	14	9	10/27/2010	stu2025718@school.net
2025719	stu2025719	Michael	Nguyen	14	9	01/15/2010	stu2025719@school.net
2025720	stu2025720	Mateo	Dubois	14	9	01/27/2010	stu2025720@school.net
2025721	stu2025721	Oliver	Wilson	14	9	02/27/2010	stu2025721@school.net
2025722	stu2025722	Noah	Davis	14	9	12/05/2010	stu2025722@school.net
2025723	stu2025723	Asher	Jones	14	9	07/22/2010	stu2025723@school.net
2025724	stu2025724	Sebastian	Williams	14	9	03/01/2010	stu2025724@school.net
2025725	stu2025725	Lucas	Jones	14	9	06/02/2010	stu2025725@school.net
2025726	stu2025726	William	Miller	14	9	03/25/2010	stu2025726@school.net
2025727	stu2025727	Asher	Kim	14	9	06/04/2010	stu2025727@school.net
2025728	stu2025728	Owen	Jones	14	9	05/21/2010	stu2025728@school.net
2025729	stu2025729	Alexander	Smith	14	9	09/02/2010	stu2025729@school.net
2025730	stu2025730	Michael	Miller	14	9	11/28/2010	stu2025730@school.net
2025731	stu2025731	Jack	Rodriguez	14	9	12/02/2010	stu2025731@school.net
2025732	stu2025732	Jack	Jones	14	9	04/06/2010	stu2025732@school.net
2025733	stu2025733	Michael	Garcia	14	9	06/10/2010	stu2025733@school.net
2025734	stu2025734	Owen	Rodriguez	14	9	09/06/2010	stu2025734@school.net
2025735	stu2025735	Owen	Nguyen	14	9	09/07/2010	stu2025735@school.net
2025736	stu2025736	Sebastian	Brown	14	9	12/10/2010	stu2025736@school.net
2025737	stu2025737	William	Miller	14	9	05/24/2010	stu2025737@school.net
2025738	stu2025738	Lucas	Williams	14	9	12/22/2010	stu2025738@school.net
2025739	stu2025739	James	Brown	14	9	05/25/2010	stu2025739@school.net
2025740	stu2025740	Jack	Miller	14	9	02/08/2010	stu2025740@school.net
2025741	stu2025741	Benjamin	Rodriguez	14	9	07/12/2010	stu2025741@school.net
2025742	stu2025742	Jack	Davis	14	9	08/03/2010	stu2025742@school.net
2025743	stu2025743	Levi	Davis	14	9	05/30/2010	stu2025743@school.net
2025744	stu2025744	Owen	Garcia	14	9	02/10/2010	stu2025744@school.net
2025745	stu2025745	Lucas	Rodriguez	14	9	07/11/2010	stu2025745@school.net
2025746	stu2025746	Asher	Davis	14	9	05/09/2010	stu2025746@school.net
2025747	stu2025747	Elijah	Wilson	14	9	05/29/2010	stu2025747@school.net
2025748	stu2025748	Liam	Wilson	14	9	05/25/2010	stu2025748@school.net
2025749	stu2025749	Jacob	Williams	14	9	04/12/2010	stu2025749@school.net
2025750	stu2025750	Oliver	Williams	14	9	06/13/2010	stu2025750@school.net
2025751	stu2025751	Levi	Miller	15	10	08/16/2009	stu2025751@school.net
2025752	stu2025752	Lucas	Johnson	15	10	08/07/2009	stu2025752@school.net
2025753	stu2025753	Jacob	Rodriguez	15	10	11/20/2009	stu2025753@school.net
2025754	stu2025754	Alexander	Johnson	15	10	10/10/2009	stu2025754@school.net
2025755	stu2025755	Levi	Kumar	15	10	08/25/2009	stu2025755@school.net
2025756	stu2025756	Henry	Miller	15	10	03/03/2009	stu2025756@school.net
2025757	stu2025757	Jack	Rodriguez	15	10	09/16/2009	stu2025757@school.net
2025758	stu2025758	Daniel	Jones	15	10	07/26/2009	stu2025758@school.net
2025759	stu2025759	Liam	Smith	15	10	02/21/2009	stu2025759@school.net
2025760	stu2025760	Henry	Davis	15	10	11/30/2009	stu2025760@school.net
2025761	stu2025761	Owen	Smith	15	10	12/27/2009	stu2025761@school.net
2025762	stu2025762	Jacob	Wilson	15	10	11/29/2009	stu2025762@school.net
2025763	stu2025763	Henry	Rodriguez	15	10	09/02/2009	stu2025763@school.net
2025764	stu2025764	Noah	Tanaka	15	10	06/16/2009	stu2025764@school.net
2025765	stu2025765	Lucas	Johnson	15	10	07/16/2009	stu2025765@school.net
2025766	stu2025766	Sebastian	Johnson	15	10	07/29/2009	stu2025766@school.net
2025767	stu2025767	Liam	Brown	15	10	06/10/2009	stu2025767@school.net
2025768	stu2025768	James	Johnson	15	10	02/21/2009	stu2025768@school.net
2025769	stu2025769	William	Tanaka	15	10	01/08/2009	stu2025769@school.net
2025770	stu2025770	Lucas	Williams	15	10	08/14/2009	stu2025770@school.net
2025771	stu2025771	Lucas	Ivanov	15	10	12/21/2009	stu2025771@school.net
2025772	stu2025772	Liam	Miller	15	10	02/14/2009	stu2025772@school.net
2025773	stu2025773	Owen	Davis	15	10	09/05/2009	stu2025773@school.net
2025774	stu2025774	Jack	Rodriguez	15	10	05/09/2009	stu2025774@school.net
2025775	stu2025775	Asher	Williams	15	10	06/05/2009	stu2025775@school.net
2025776	stu2025776	Daniel	Chen	15	10	01/28/2009	stu2025776@school.net
2025777	stu2025777	Liam	Jones	15	10	10/31/2009	stu2025777@school.net
2025778	stu2025778	Benjamin	Rodriguez	15	10	02/03/2009	stu2025778@school.net
2025779	stu2025779	Jack	Smith	15	10	10/14/2009	stu2025779@school.net
2025780	stu2025780	Jack	Wilson	15	10	08/12/2009	stu2025780@school.net
2025781	stu2025781	William	Johnson	15	10	03/07/2009	stu2025781@school.net
2025782	stu2025782	Liam	Wilson	15	10	01/12/2009	stu2025782@school.net
2025783	stu2025783	Liam	Williams	15	10	07/31/2009	stu2025783@school.net
2025784	stu2025784	Liam	Williams	15	10	02/22/2009	stu2025784@school.net
2025785	stu2025785	Benjamin	Wilson	15	10	11/16/2009	stu2025785@school.net
2025786	stu2025786	Liam	Nguyen	15	10	12/12/2009	stu2025786@school.net
2025787	stu2025787	Noah	Davis	15	10	07/16/2009	stu2025787@school.net
2025788	stu2025788	Asher	Jones	15	10	01/07/2009	stu2025788@school.net
2025789	stu2025789	Daniel	Miller	15	10	08/06/2009	stu2025789@school.net
2025790	stu2025790	Daniel	Williams	15	10	06/27/2009	stu2025790@school.net
2025791	stu2025791	Liam	Miller	15	10	05/13/2009	stu2025791@school.net
2025792	stu2025792	James	Brown	15	10	05/18/2009	stu2025792@school.net
2025793	stu2025793	Henry	Wilson	15	10	11/29/2009	stu2025793@school.net
2025794	stu2025794	Jacob	Rodriguez	15	10	08/11/2009	stu2025794@school.net
2025795	stu2025795	Henry	Almeida	15	10	08/29/2009	stu2025795@school.net
2025796	stu2025796	Liam	Wilson	15	10	07/09/2009	stu2025796@school.net
2025797	stu2025797	Noah	Brown	15	10	04/27/2009	stu2025797@school.net
2025798	stu2025798	James	Johnson	15	10	01/18/2009	stu2025798@school.net
2025799	stu2025799	Michael	Davis	15	10	01/15/2009	stu2025799@school.net
2025800	stu2025800	Sebastian	Ivanov	15	10	08/26/2009	stu2025800@school.net
2025801	stu2025801	James	Wilson	15	10	10/13/2009	stu2025801@school.net
2025802	stu2025802	Daniel	Jones	15	10	10/27/2009	stu2025802@school.net
2025803	stu2025803	James	Smith	15	10	12/17/2009	stu2025803@school.net
2025804	stu2025804	Mateo	Williams	15	10	08/27/2009	stu2025804@school.net
2025805	stu2025805	Ethan	Miller	15	10	07/20/2009	stu2025805@school.net
2025806	stu2025806	Ethan	Williams	15	10	05/06/2009	stu2025806@school.net
2025807	stu2025807	Ethan	Williams	15	10	07/07/2009	stu2025807@school.net
2025808	stu2025808	Jacob	Davis	15	10	03/02/2009	stu2025808@school.net
2025809	stu2025809	Mateo	Miller	15	10	01/22/2009	stu2025809@school.net
2025810	stu2025810	Noah	Wilson	15	10	05/20/2009	stu2025810@school.net
2025811	stu2025811	Noah	Davis	15	10	05/10/2009	stu2025811@school.net
2025812	stu2025812	Elijah	Popov	15	10	02/11/2009	stu2025812@school.net
2025813	stu2025813	Mateo	Jones	15	10	06/04/2009	stu2025813@school.net
2025814	stu2025814	Alexander	Williams	15	10	01/19/2009	stu2025814@school.net
2025815	stu2025815	Ethan	Wilson	15	10	05/07/2009	stu2025815@school.net
2025816	stu2025816	Alexander	Miller	15	10	12/26/2009	stu2025816@school.net
2025817	stu2025817	Liam	Jones	15	10	06/29/2009	stu2025817@school.net
2025818	stu2025818	Michael	Chen	15	10	08/15/2009	stu2025818@school.net
2025819	stu2025819	Jacob	Smith	15	10	07/11/2009	stu2025819@school.net
2025820	stu2025820	Asher	Brown	15	10	12/20/2009	stu2025820@school.net
2025821	stu2025821	Asher	Davis	15	10	09/01/2009	stu2025821@school.net
2025822	stu2025822	Henry	Jones	15	10	02/22/2009	stu2025822@school.net
2025823	stu2025823	Alexander	Miller	15	10	10/28/2009	stu2025823@school.net
2025824	stu2025824	Michael	Popov	15	10	11/02/2009	stu2025824@school.net
2025825	stu2025825	Sebastian	Wilson	15	10	02/14/2009	stu2025825@school.net
2025826	stu2025826	Daniel	Brown	15	10	11/24/2009	stu2025826@school.net
2025827	stu2025827	Levi	Wilson	15	10	07/16/2009	stu2025827@school.net
2025828	stu2025828	Noah	Johnson	15	10	06/01/2009	stu2025828@school.net
2025829	stu2025829	Lucas	Davis	15	10	09/17/2009	stu2025829@school.net
2025830	stu2025830	Liam	Miller	15	10	12/19/2009	stu2025830@school.net
2025831	stu2025831	Asher	Wilson	15	10	05/12/2009	stu2025831@school.net
2025832	stu2025832	Jacob	Wilson	15	10	02/23/2009	stu2025832@school.net
2025833	stu2025833	Alexander	Johnson	15	10	04/26/2009	stu2025833@school.net
2025834	stu2025834	Oliver	Smith	16	11	10/16/2008	stu2025834@school.net
2025835	stu2025835	Michael	Smith	16	11	04/12/2008	stu2025835@school.net
2025836	stu2025836	Henry	Smith	16	11	10/12/2008	stu2025836@school.net
2025837	stu2025837	Liam	Williams	16	11	09/16/2008	stu2025837@school.net
2025838	stu2025838	Levi	Rodriguez	16	11	07/26/2008	stu2025838@school.net
2025839	stu2025839	Jacob	Davis	16	11	06/03/2008	stu2025839@school.net
2025840	stu2025840	James	Wilson	16	11	07/09/2008	stu2025840@school.net
2025841	stu2025841	Elijah	Miller	16	11	09/01/2008	stu2025841@school.net
2025842	stu2025842	Michael	Miller	16	11	04/29/2008	stu2025842@school.net
2025843	stu2025843	Mateo	Johnson	16	11	10/08/2008	stu2025843@school.net
2025844	stu2025844	James	Jones	16	11	06/04/2008	stu2025844@school.net
2025845	stu2025845	Henry	Rodriguez	16	11	10/08/2008	stu2025845@school.net
2025846	stu2025846	Liam	Davis	16	11	10/21/2008	stu2025846@school.net
2025847	stu2025847	Asher	Jones	16	11	11/21/2008	stu2025847@school.net
2025848	stu2025848	Daniel	Davis	16	11	04/08/2008	stu2025848@school.net
2025849	stu2025849	Benjamin	Jones	16	11	04/09/2008	stu2025849@school.net
2025850	stu2025850	Oliver	Wilson	16	11	05/16/2008	stu2025850@school.net
2025851	stu2025851	Henry	Wilson	16	11	08/25/2008	stu2025851@school.net
2025852	stu2025852	Asher	Davis	16	11	04/22/2008	stu2025852@school.net
2025853	stu2025853	Ethan	Jones	16	11	11/17/2008	stu2025853@school.net
2025854	stu2025854	Lucas	Nguyen	16	11	07/11/2008	stu2025854@school.net
2025855	stu2025855	Michael	Williams	16	11	04/12/2008	stu2025855@school.net
2025856	stu2025856	Alexander	Johnson	16	11	07/14/2008	stu2025856@school.net
2025857	stu2025857	Sebastian	Davis	16	11	10/09/2008	stu2025857@school.net
2025858	stu2025858	Noah	Garcia	16	11	05/01/2008	stu2025858@school.net
2025859	stu2025859	Ethan	Johnson	16	11	02/17/2008	stu2025859@school.net
2025860	stu2025860	Ethan	Jones	16	11	03/29/2008	stu2025860@school.net
2025861	stu2025861	Elijah	Brown	16	11	03/19/2008	stu2025861@school.net
2025862	stu2025862	Owen	Rodriguez	16	11	05/27/2008	stu2025862@school.net
2025863	stu2025863	Henry	Garcia	16	11	11/07/2008	stu2025863@school.net
2025864	stu2025864	Mateo	Smith	16	11	01/16/2008	stu2025864@school.net
2025865	stu2025865	Benjamin	Williams	16	11	09/14/2008	stu2025865@school.net
2025866	stu2025866	Asher	Jones	16	11	08/05/2008	stu2025866@school.net
2025867	stu2025867	Jack	Brown	16	11	07/17/2008	stu2025867@school.net
2025868	stu2025868	Owen	Johnson	16	11	02/09/2008	stu2025868@school.net
2025869	stu2025869	Ethan	Rodriguez	16	11	04/02/2008	stu2025869@school.net
2025870	stu2025870	Daniel	Williams	16	11	12/15/2008	stu2025870@school.net
2025871	stu2025871	Liam	Williams	16	11	07/24/2008	stu2025871@school.net
2025872	stu2025872	Ethan	Brown	16	11	01/23/2008	stu2025872@school.net
2025873	stu2025873	Noah	Williams	16	11	05/01/2008	stu2025873@school.net
2025874	stu2025874	James	Wilson	16	11	03/08/2008	stu2025874@school.net
2025875	stu2025875	Michael	Brown	16	11	11/09/2008	stu2025875@school.net
2025876	stu2025876	Daniel	Smith	16	11	01/24/2008	stu2025876@school.net
2025877	stu2025877	Liam	Miller	16	11	04/10/2008	stu2025877@school.net
2025878	stu2025878	Ethan	Rodriguez	16	11	03/05/2008	stu2025878@school.net
2025879	stu2025879	James	Ivanov	16	11	03/31/2008	stu2025879@school.net
2025880	stu2025880	Levi	Wilson	16	11	09/29/2008	stu2025880@school.net
2025881	stu2025881	Elijah	Garcia	16	11	07/31/2008	stu2025881@school.net
2025882	stu2025882	Mateo	Wilson	16	11	01/11/2008	stu2025882@school.net
2025883	stu2025883	Michael	Wilson	16	11	06/20/2008	stu2025883@school.net
2025884	stu2025884	Henry	Wilson	16	11	07/17/2008	stu2025884@school.net
2025885	stu2025885	Sebastian	Jones	16	11	10/31/2008	stu2025885@school.net
2025886	stu2025886	Alexander	Wilson	16	11	06/12/2008	stu2025886@school.net
2025887	stu2025887	Elijah	Rodriguez	16	11	02/26/2008	stu2025887@school.net
2025888	stu2025888	Liam	Williams	16	11	07/08/2008	stu2025888@school.net
2025889	stu2025889	William	Jones	16	11	03/29/2008	stu2025889@school.net
2025890	stu2025890	Asher	Miller	16	11	03/08/2008	stu2025890@school.net
2025891	stu2025891	Lucas	Smith	16	11	02/23/2008	stu2025891@school.net
2025892	stu2025892	Daniel	Johnson	16	11	04/10/2008	stu2025892@school.net
2025893	stu2025893	Ethan	Davis	16	11	09/25/2008	stu2025893@school.net
2025894	stu2025894	James	Garcia	16	11	05/15/2008	stu2025894@school.net
2025895	stu2025895	Owen	Wilson	16	11	04/25/2008	stu2025895@school.net
2025896	stu2025896	Lucas	Miller	16	11	07/21/2008	stu2025896@school.net
2025897	stu2025897	Michael	Garcia	16	11	11/07/2008	stu2025897@school.net
2025898	stu2025898	Levi	Johnson	16	11	07/27/2008	stu2025898@school.net
2025899	stu2025899	Owen	Brown	16	11	02/29/2008	stu2025899@school.net
2025900	stu2025900	Mateo	Rodriguez	16	11	05/22/2008	stu2025900@school.net
2025901	stu2025901	Alexander	Brown	16	11	10/03/2008	stu2025901@school.net
2025902	stu2025902	Daniel	Smith	16	11	10/03/2008	stu2025902@school.net
2025903	stu2025903	Oliver	Jones	16	11	09/07/2008	stu2025903@school.net
2025904	stu2025904	Sebastian	Williams	16	11	08/01/2008	stu2025904@school.net
2025905	stu2025905	Sebastian	Williams	16	11	05/04/2008	stu2025905@school.net
2025906	stu2025906	Jack	Kumar	16	11	05/12/2008	stu2025906@school.net
2025907	stu2025907	Liam	Davis	16	11	01/17/2008	stu2025907@school.net
2025908	stu2025908	Elijah	Rodriguez	16	11	03/31/2008	stu2025908@school.net
2025909	stu2025909	Daniel	Garcia	16	11	12/04/2008	stu2025909@school.net
2025910	stu2025910	Asher	Johnson	16	11	04/19/2008	stu2025910@school.net
2025911	stu2025911	Asher	Smith	16	11	01/08/2008	stu2025911@school.net
2025912	stu2025912	Liam	Rodriguez	16	11	05/05/2008	stu2025912@school.net
2025913	stu2025913	Ethan	Johnson	16	11	10/13/2008	stu2025913@school.net
2025914	stu2025914	Elijah	Davis	16	11	11/14/2008	stu2025914@school.net
2025915	stu2025915	Michael	Smith	16	11	03/09/2008	stu2025915@school.net
2025916	stu2025916	Benjamin	Davis	16	11	06/21/2008	stu2025916@school.net
2025917	stu2025917	Mateo	Williams	17	12	09/07/2007	stu2025917@school.net
2025918	stu2025918	Lucas	Miller	17	12	03/16/2007	stu2025918@school.net
2025919	stu2025919	Ethan	Garcia	17	12	04/07/2007	stu2025919@school.net
2025920	stu2025920	James	Brown	17	12	12/28/2007	stu2025920@school.net
2025921	stu2025921	Mateo	Brown	17	12	12/14/2007	stu2025921@school.net
2025922	stu2025922	Sebastian	Miller	17	12	07/20/2007	stu2025922@school.net
2025923	stu2025923	Alexander	Davis	17	12	11/16/2007	stu2025923@school.net
2025924	stu2025924	William	Davis	17	12	07/22/2007	stu2025924@school.net
2025925	stu2025925	William	Miller	17	12	09/04/2007	stu2025925@school.net
2025926	stu2025926	Daniel	Rodriguez	17	12	11/30/2007	stu2025926@school.net
2025927	stu2025927	Ethan	Davis	17	12	04/09/2007	stu2025927@school.net
2025928	stu2025928	Noah	Miller	17	12	03/08/2007	stu2025928@school.net
2025929	stu2025929	Liam	Brown	17	12	07/30/2007	stu2025929@school.net
2025930	stu2025930	Jack	Brown	17	12	07/01/2007	stu2025930@school.net
2025931	stu2025931	William	Garcia	17	12	01/07/2007	stu2025931@school.net
2025932	stu2025932	Owen	Jones	17	12	01/19/2007	stu2025932@school.net
2025933	stu2025933	Levi	Jones	17	12	02/10/2007	stu2025933@school.net
2025934	stu2025934	Jack	Garcia	17	12	10/14/2007	stu2025934@school.net
2025935	stu2025935	Oliver	Miller	17	12	05/08/2007	stu2025935@school.net
2025936	stu2025936	Lucas	Chen	17	12	03/19/2007	stu2025936@school.net
2025937	stu2025937	Jacob	Brown	17	12	01/11/2007	stu2025937@school.net
2025938	stu2025938	Jacob	Davis	17	12	10/17/2007	stu2025938@school.net
2025939	stu2025939	Benjamin	Jones	17	12	02/22/2007	stu2025939@school.net
2025940	stu2025940	Michael	Dubois	17	12	04/14/2007	stu2025940@school.net
2025941	stu2025941	Michael	Nguyen	17	12	09/14/2007	stu2025941@school.net
2025942	stu2025942	Benjamin	Smith	17	12	08/15/2007	stu2025942@school.net
2025943	stu2025943	Owen	Brown	17	12	08/01/2007	stu2025943@school.net
2025944	stu2025944	Jacob	Jones	17	12	10/07/2007	stu2025944@school.net
2025945	stu2025945	Jacob	Hernandez	17	12	06/23/2007	stu2025945@school.net
2025946	stu2025946	James	Rodriguez	17	12	04/17/2007	stu2025946@school.net
2025947	stu2025947	William	Miller	17	12	11/05/2007	stu2025947@school.net
2025948	stu2025948	Mateo	Jones	17	12	04/01/2007	stu2025948@school.net
2025949	stu2025949	Mateo	Ivanov	17	12	08/08/2007	stu2025949@school.net
2025950	stu2025950	Oliver	Miller	17	12	04/26/2007	stu2025950@school.net
2025951	stu2025951	Oliver	Garcia	17	12	04/15/2007	stu2025951@school.net
2025952	stu2025952	James	Garcia	17	12	07/01/2007	stu2025952@school.net
2025953	stu2025953	Michael	Wilson	17	12	08/12/2007	stu2025953@school.net
2025954	stu2025954	Lucas	Johnson	17	12	03/01/2007	stu2025954@school.net
2025955	stu2025955	Asher	Jones	17	12	03/20/2007	stu2025955@school.net
2025956	stu2025956	Oliver	Wilson	17	12	10/15/2007	stu2025956@school.net
2025957	stu2025957	Jack	Wilson	17	12	02/14/2007	stu2025957@school.net
2025958	stu2025958	Noah	Miller	17	12	09/27/2007	stu2025958@school.net
2025959	stu2025959	Jack	Garcia	17	12	10/23/2007	stu2025959@school.net
2025960	stu2025960	James	Johnson	17	12	04/11/2007	stu2025960@school.net
2025961	stu2025961	Michael	Jones	17	12	04/16/2007	stu2025961@school.net
2025962	stu2025962	Jack	Williams	17	12	06/25/2007	stu2025962@school.net
2025963	stu2025963	Daniel	Rodriguez	17	12	04/12/2007	stu2025963@school.net
2025964	stu2025964	Oliver	Wilson	17	12	08/07/2007	stu2025964@school.net
2025965	stu2025965	Mateo	Johnson	17	12	02/06/2007	stu2025965@school.net
2025966	stu2025966	Jacob	Johnson	17	12	11/22/2007	stu2025966@school.net
2025967	stu2025967	William	Johnson	17	12	09/10/2007	stu2025967@school.net
2025968	stu2025968	Asher	Jones	17	12	06/18/2007	stu2025968@school.net
2025969	stu2025969	Noah	Jones	17	12	12/15/2007	stu2025969@school.net
2025970	stu2025970	Jacob	Johnson	17	12	05/22/2007	stu2025970@school.net
2025971	stu2025971	Benjamin	Jones	17	12	07/03/2007	stu2025971@school.net
2025972	stu2025972	Asher	Wilson	17	12	08/04/2007	stu2025972@school.net
2025973	stu2025973	Jacob	Williams	17	12	11/13/2007	stu2025973@school.net
2025974	stu2025974	Jacob	Smith	17	12	06/25/2007	stu2025974@school.net
2025975	stu2025975	Daniel	Johnson	17	12	07/18/2007	stu2025975@school.net
2025976	stu2025976	Asher	Johnson	17	12	07/31/2007	stu2025976@school.net
2025977	stu2025977	Daniel	Williams	17	12	11/16/2007	stu2025977@school.net
2025978	stu2025978	Henry	Rodriguez	17	12	04/08/2007	stu2025978@school.net
2025979	stu2025979	Henry	Davis	17	12	11/01/2007	stu2025979@school.net
2025980	stu2025980	James	Davis	17	12	10/23/2007	stu2025980@school.net
2025981	stu2025981	Liam	Rodriguez	17	12	05/20/2007	stu2025981@school.net
2025982	stu2025982	Mateo	Davis	17	12	06/30/2007	stu2025982@school.net
2025983	stu2025983	Jack	Rodriguez	17	12	04/09/2007	stu2025983@school.net
2025984	stu2025984	Oliver	Johnson	17	12	11/05/2007	stu2025984@school.net
2025985	stu2025985	Levi	Wilson	17	12	09/17/2007	stu2025985@school.net
2025986	stu2025986	Ethan	Rodriguez	17	12	10/17/2007	stu2025986@school.net
2025987	stu2025987	Mateo	Smith	17	12	12/20/2007	stu2025987@school.net
2025988	stu2025988	Michael	Williams	17	12	04/14/2007	stu2025988@school.net
2025989	stu2025989	Oliver	Miller	17	12	07/17/2007	stu2025989@school.net
2025990	stu2025990	Jack	Wilson	17	12	08/16/2007	stu2025990@school.net
2025991	stu2025991	Benjamin	Jones	17	12	07/16/2007	stu2025991@school.net
2025992	stu2025992	Jack	Wilson	17	12	11/13/2007	stu2025992@school.net
2025993	stu2025993	Jacob	Miller	17	12	02/14/2007	stu2025993@school.net
2025994	stu2025994	Michael	Jones	17	12	03/12/2007	stu2025994@school.net
2025995	stu2025995	Ethan	Garcia	17	12	01/01/2007	stu2025995@school.net
2025996	stu2025996	Sebastian	Johnson	17	12	07/14/2007	stu2025996@school.net
2025997	stu2025997	Ethan	Wilson	17	12	11/23/2007	stu2025997@school.net
2025998	stu2025998	William	Dubois	17	12	09/16/2007	stu2025998@school.net
2025999	stu2025999	Liam	Rodriguez	17	12	06/12/2007	stu2025999@school.net
